game_id,model,season,season_type,game_date,home,away,p_home,logged_at
401898391,elo_v1,2027,preseason,2026-10-08T00:00Z,MEM,ORL,0.33618448337159806,2026-10-07T20:36Z
401898392,elo_v1,2027,preseason,2026-10-08T23:00Z,CLE,BOS,0.6015728422659788,2026-10-07T20:36Z
401898393,elo_v1,2027,preseason,2026-10-08T23:30Z,MIA,NO,0.7588003336218444,2026-10-07T20:36Z
401898394,elo_v1,2027,preseason,2026-10-09T00:00Z,SA,ATL,0.8293160870449924,2026-10-07T20:36Z
401898717,elo_v1,2027,preseason,2026-10-09T02:30Z,LAL,SAC,0.8484358886204288,2026-10-07T20:36Z
401901823,elo_v1,2027,preseason,2026-10-08T23:30Z,BKN,PHI,0.3329604189921333,2026-10-07T20:36Z
401906508,elo_v1,2027,preseason,2026-10-08T23:30Z,NY,WSH,0.9611975458407916,2026-10-07T20:36Z
401908620,elo_v1,2027,preseason,2026-10-08T00:00Z,OKC,MIL,0.9122825814397177,2026-10-07T20:36Z
401908939,elo_v1,2027,preseason,2026-10-08T00:00Z,CHI,PHX,0.43359111196612277,2026-10-07T20:36Z
401914123,elo_v1,2027,preseason,2026-10-07T23:00Z,IND,MIN,0.3875617834298927,2026-10-07T20:36Z
401914129,elo_v1,2027,preseason,2026-10-08T02:00Z,POR,GS,0.7260742490738236,2026-10-07T20:36Z
